"Pattern","Chi_Square","P_Value"
"nests",14.9256198347107,0.913576283265701
"trees",2.90654205607477,0.000660581958980035
"robberies",145.597122302158,3.60312304401346e-23
"truffles",86.2137404580153,1.00317870354787e-11
