"model","AIC","BIC","deviance"
"Baseline logistic model",704.211057054713,715.832156168467,290.409920818566
"Spatial logistic model",700.069626978118,714.59600087031,284.268490741971
