"test","statistic","p_value"
"Prevalence Moran's I",0.0600078015645047,0.109857952654238
"Residual Moran's I",0.076346433818854,0.0635837484373589
