"Pattern","Number_of_Points","Intensity","Mean_NN_Distance","SD_NN_Distance"
"nests",242,244.195808711938,0.032301977685243,0.0175593718997181
"trees",107,107.970874099906,0.0715474840677805,0.0100341186929397
"robberies",278,280.522457941813,0.0257262771366929,0.0216451617710862
"truffles",262,264.377280506313,0.0261814926956149,0.0166042178711184
