"x","y","predicted_elevation","standard_error","ci_lower_95","ci_upper_95"
3,3,1161.19473462681,52.8039247695265,1057.69904207854,1264.69042717509
