"observations","mean_elevation","sd_elevation","min_elevation","max_elevation"
100,1143.78591039892,142.554154477084,885.110243093613,1462.67903592643
