"model","nugget","sill","range"
"Exponential",566.914684469073,2695.67846758264,1.15427409539639
"Spherical",854.837664977344,2581.54806171727,3.10756449172094
"Matern",1015.25404590317,2147.8160129594,0.596736726620843
"Powered Exponential",1089.57325789431,1952.27585428591,1.23142355931526
